{
    "default_units_ts":{
        "time_stamp":19153617.690100,
        "version":0.500000
    },
    "defaultui":{
        "time_stamp":19070797.449200,
        "version":0.500000
    },
    "lib_common_ai":{
        "time_stamp":18971373.803000,
        "version":0.500000
    },
    "lib_control":{
        "time_stamp":18043720.326700,
        "version":0.500000
    },
    "script":{
        "time_stamp":14509278.007500,
        "version":0.500000
    },
    "smallcard_get_items":{
        "time_stamp":710084203.173200,
        "version":0.500000
    },
    "smallcard_inventory":{
        "time_stamp":918344972.934600,
        "version":0.400000
    },
    "smallcard_mail":{
        "time_stamp":6255119324.679700,
        "version":0.500000
    }
}